-- phpMyAdmin SQL Dump
-- version 4.9.0.1
-- https://www.phpmyadmin.net/
--
-- Host: 127.0.0.1
-- Waktu pembuatan: 26 Jun 2022 pada 14.05
-- Versi server: 10.4.6-MariaDB
-- Versi PHP: 7.3.9

SET SQL_MODE = "NO_AUTO_VALUE_ON_ZERO";
SET AUTOCOMMIT = 0;
START TRANSACTION;
SET time_zone = "+00:00";


/*!40101 SET @OLD_CHARACTER_SET_CLIENT=@@CHARACTER_SET_CLIENT */;
/*!40101 SET @OLD_CHARACTER_SET_RESULTS=@@CHARACTER_SET_RESULTS */;
/*!40101 SET @OLD_COLLATION_CONNECTION=@@COLLATION_CONNECTION */;
/*!40101 SET NAMES utf8mb4 */;

--
-- Database: `putrakembar_cafe`
--

-- --------------------------------------------------------

--
-- Struktur dari tabel `ci_sessions`
--

CREATE TABLE `ci_sessions` (
  `id` varchar(128) NOT NULL,
  `ip_address` varchar(45) NOT NULL,
  `timestamp` int(10) UNSIGNED NOT NULL DEFAULT 0,
  `data` blob NOT NULL
) ENGINE=InnoDB DEFAULT CHARSET=utf8mb4;

--
-- Dumping data untuk tabel `ci_sessions`
--

INSERT INTO `ci_sessions` (`id`, `ip_address`, `timestamp`, `data`) VALUES
('l2jj8itkp909ukansr8k8tcf9tfsmckq', '::1', 1656233550, 0x5f5f63695f6c6173745f726567656e65726174657c693a313635363233333535303b7265646972656374696f6e7c4e3b5f5f4143544956455f53455353494f4e5f444154417c733a3235363a223864623630663262303566643737323061623964396132636434626238363635623732303763616165363434613834393432636661393965333937653330313130653763376139383137653534356638316135636262353263623635613530373866613863613635353936653934663839343337383564616330656563613063486d30782b74726466586d374a452b7a2f74755234514c5749615262324243356d56626c5150666641756b482f70516549754e4a4262586c585a564765364b7155666d507447314936476c417852382b343757516631467a6e364c6947636d394976436f70535165414c42647975424676384e794753474e32556b7251355636223b),
('3bd1cpg2pb9n1idui7a8gjkdn34rgvnv', '::1', 1656234334, 0x5f5f63695f6c6173745f726567656e65726174657c693a313635363233343333343b7265646972656374696f6e7c4e3b5f5f4143544956455f53455353494f4e5f444154417c733a3235363a223864623630663262303566643737323061623964396132636434626238363635623732303763616165363434613834393432636661393965333937653330313130653763376139383137653534356638316135636262353263623635613530373866613863613635353936653934663839343337383564616330656563613063486d30782b74726466586d374a452b7a2f74755234514c5749615262324243356d56626c5150666641756b482f70516549754e4a4262586c585a564765364b7155666d507447314936476c417852382b343757516631467a6e364c6947636d394976436f70535165414c42647975424676384e794753474e32556b7251355636223b),
('96jlua34qdrk40520dgnck5dp496nsav', '::1', 1656234643, 0x5f5f63695f6c6173745f726567656e65726174657c693a313635363233343634333b7265646972656374696f6e7c4e3b5f5f4143544956455f53455353494f4e5f444154417c733a3235363a223864623630663262303566643737323061623964396132636434626238363635623732303763616165363434613834393432636661393965333937653330313130653763376139383137653534356638316135636262353263623635613530373866613863613635353936653934663839343337383564616330656563613063486d30782b74726466586d374a452b7a2f74755234514c5749615262324243356d56626c5150666641756b482f70516549754e4a4262586c585a564765364b7155666d507447314936476c417852382b343757516631467a6e364c6947636d394976436f70535165414c42647975424676384e794753474e32556b7251355636223b),
('t4f5kgoiaem6l94ncc6c5op27a9548rv', '::1', 1656234992, 0x5f5f63695f6c6173745f726567656e65726174657c693a313635363233343939323b7265646972656374696f6e7c4e3b5f5f4143544956455f53455353494f4e5f444154417c733a3235363a223864623630663262303566643737323061623964396132636434626238363635623732303763616165363434613834393432636661393965333937653330313130653763376139383137653534356638316135636262353263623635613530373866613863613635353936653934663839343337383564616330656563613063486d30782b74726466586d374a452b7a2f74755234514c5749615262324243356d56626c5150666641756b482f70516549754e4a4262586c585a564765364b7155666d507447314936476c417852382b343757516631467a6e364c6947636d394976436f70535165414c42647975424676384e794753474e32556b7251355636223b),
('se9mob828e46mg813l80247lmecois4i', '::1', 1656235301, 0x5f5f63695f6c6173745f726567656e65726174657c693a313635363233353330313b7265646972656374696f6e7c4e3b5f5f4143544956455f53455353494f4e5f444154417c733a3235363a223864623630663262303566643737323061623964396132636434626238363635623732303763616165363434613834393432636661393965333937653330313130653763376139383137653534356638316135636262353263623635613530373866613863613635353936653934663839343337383564616330656563613063486d30782b74726466586d374a452b7a2f74755234514c5749615262324243356d56626c5150666641756b482f70516549754e4a4262586c585a564765364b7155666d507447314936476c417852382b343757516631467a6e364c6947636d394976436f70535165414c42647975424676384e794753474e32556b7251355636223b636172745f636f6e74656e74737c613a333a7b733a31303a22636172745f746f74616c223b643a32303030303b733a31313a22746f74616c5f6974656d73223b643a313b733a33323a226337346439376230316561653235376534346161396435626164653937626166223b613a363a7b733a323a226964223b733a323a223136223b733a333a22717479223b643a313b733a353a227072696365223b643a32303030303b733a343a226e616d65223b733a31323a2253616e676765204472696e6b223b733a353a22726f776964223b733a33323a226337346439376230316561653235376534346161396435626164653937626166223b733a383a22737562746f74616c223b643a32303030303b7d7d),
('0qbbg67bfkfanktlu7o7gs6mj39v59q7', '::1', 1656235616, 0x5f5f63695f6c6173745f726567656e65726174657c693a313635363233353631363b7265646972656374696f6e7c4e3b5f5f4143544956455f53455353494f4e5f444154417c733a3235363a223864623630663262303566643737323061623964396132636434626238363635623732303763616165363434613834393432636661393965333937653330313130653763376139383137653534356638316135636262353263623635613530373866613863613635353936653934663839343337383564616330656563613063486d30782b74726466586d374a452b7a2f74755234514c5749615262324243356d56626c5150666641756b482f70516549754e4a4262586c585a564765364b7155666d507447314936476c417852382b343757516631467a6e364c6947636d394976436f70535165414c42647975424676384e794753474e32556b7251355636223b636172745f636f6e74656e74737c613a333a7b733a31303a22636172745f746f74616c223b643a32303030303b733a31313a22746f74616c5f6974656d73223b643a313b733a33323a226337346439376230316561653235376534346161396435626164653937626166223b613a363a7b733a323a226964223b733a323a223136223b733a333a22717479223b643a313b733a353a227072696365223b643a32303030303b733a343a226e616d65223b733a31323a2253616e676765204472696e6b223b733a353a22726f776964223b733a33323a226337346439376230316561653235376534346161396435626164653937626166223b733a383a22737562746f74616c223b643a32303030303b7d7d),
('rlhgrka1vqlcr2023h49dblc5pb4ns9p', '::1', 1656236038, 0x5f5f63695f6c6173745f726567656e65726174657c693a313635363233363033383b7265646972656374696f6e7c4e3b5f5f4143544956455f53455353494f4e5f444154417c733a3235363a223864623630663262303566643737323061623964396132636434626238363635623732303763616165363434613834393432636661393965333937653330313130653763376139383137653534356638316135636262353263623635613530373866613863613635353936653934663839343337383564616330656563613063486d30782b74726466586d374a452b7a2f74755234514c5749615262324243356d56626c5150666641756b482f70516549754e4a4262586c585a564765364b7155666d507447314936476c417852382b343757516631467a6e364c6947636d394976436f70535165414c42647975424676384e794753474e32556b7251355636223b636172745f636f6e74656e74737c613a333a7b733a31303a22636172745f746f74616c223b643a32303030303b733a31313a22746f74616c5f6974656d73223b643a313b733a33323a226337346439376230316561653235376534346161396435626164653937626166223b613a363a7b733a323a226964223b733a323a223136223b733a333a22717479223b643a313b733a353a227072696365223b643a32303030303b733a343a226e616d65223b733a31323a2253616e676765204472696e6b223b733a353a22726f776964223b733a33323a226337346439376230316561653235376534346161396435626164653937626166223b733a383a22737562746f74616c223b643a32303030303b7d7d),
('c7lhgb6tgvgjaursgm7nmlpo9sa3ornq', '::1', 1656236405, 0x5f5f63695f6c6173745f726567656e65726174657c693a313635363233363430353b7265646972656374696f6e7c4e3b5f5f4143544956455f53455353494f4e5f444154417c733a3235363a223864623630663262303566643737323061623964396132636434626238363635623732303763616165363434613834393432636661393965333937653330313130653763376139383137653534356638316135636262353263623635613530373866613863613635353936653934663839343337383564616330656563613063486d30782b74726466586d374a452b7a2f74755234514c5749615262324243356d56626c5150666641756b482f70516549754e4a4262586c585a564765364b7155666d507447314936476c417852382b343757516631467a6e364c6947636d394976436f70535165414c42647975424676384e794753474e32556b7251355636223b636172745f636f6e74656e74737c613a333a7b733a31303a22636172745f746f74616c223b643a32303030303b733a31313a22746f74616c5f6974656d73223b643a313b733a33323a226337346439376230316561653235376534346161396435626164653937626166223b613a363a7b733a323a226964223b733a323a223136223b733a333a22717479223b643a313b733a353a227072696365223b643a32303030303b733a343a226e616d65223b733a31323a2253616e676765204472696e6b223b733a353a22726f776964223b733a33323a226337346439376230316561653235376534346161396435626164653937626166223b733a383a22737562746f74616c223b643a32303030303b7d7d),
('fs6gps6ribl0tan11k624rrp1gfm1770', '::1', 1656236736, 0x5f5f63695f6c6173745f726567656e65726174657c693a313635363233363733363b7265646972656374696f6e7c4e3b5f5f4143544956455f53455353494f4e5f444154417c733a3235363a223864623630663262303566643737323061623964396132636434626238363635623732303763616165363434613834393432636661393965333937653330313130653763376139383137653534356638316135636262353263623635613530373866613863613635353936653934663839343337383564616330656563613063486d30782b74726466586d374a452b7a2f74755234514c5749615262324243356d56626c5150666641756b482f70516549754e4a4262586c585a564765364b7155666d507447314936476c417852382b343757516631467a6e364c6947636d394976436f70535165414c42647975424676384e794753474e32556b7251355636223b636172745f636f6e74656e74737c613a333a7b733a31303a22636172745f746f74616c223b643a32303030303b733a31313a22746f74616c5f6974656d73223b643a313b733a33323a226337346439376230316561653235376534346161396435626164653937626166223b613a363a7b733a323a226964223b733a323a223136223b733a333a22717479223b643a313b733a353a227072696365223b643a32303030303b733a343a226e616d65223b733a31323a2253616e676765204472696e6b223b733a353a22726f776964223b733a33323a226337346439376230316561653235376534346161396435626164653937626166223b733a383a22737562746f74616c223b643a32303030303b7d7d),
('1dahfm05jvsa14uh4n95pq2cns2ml253', '::1', 1656237106, 0x5f5f63695f6c6173745f726567656e65726174657c693a313635363233373130363b7265646972656374696f6e7c4e3b5f5f4143544956455f53455353494f4e5f444154417c733a3235363a223864623630663262303566643737323061623964396132636434626238363635623732303763616165363434613834393432636661393965333937653330313130653763376139383137653534356638316135636262353263623635613530373866613863613635353936653934663839343337383564616330656563613063486d30782b74726466586d374a452b7a2f74755234514c5749615262324243356d56626c5150666641756b482f70516549754e4a4262586c585a564765364b7155666d507447314936476c417852382b343757516631467a6e364c6947636d394976436f70535165414c42647975424676384e794753474e32556b7251355636223b636172745f636f6e74656e74737c613a333a7b733a31303a22636172745f746f74616c223b643a32303030303b733a31313a22746f74616c5f6974656d73223b643a313b733a33323a226337346439376230316561653235376534346161396435626164653937626166223b613a363a7b733a323a226964223b733a323a223136223b733a333a22717479223b643a313b733a353a227072696365223b643a32303030303b733a343a226e616d65223b733a31323a2253616e676765204472696e6b223b733a353a22726f776964223b733a33323a226337346439376230316561653235376534346161396435626164653937626166223b733a383a22737562746f74616c223b643a32303030303b7d7d),
('57n74oa334ah4p4ocdk97s225i5ngf2m', '::1', 1656237426, 0x5f5f63695f6c6173745f726567656e65726174657c693a313635363233373432363b7265646972656374696f6e7c4e3b636172745f636f6e74656e74737c613a333a7b733a31303a22636172745f746f74616c223b643a32303030303b733a31313a22746f74616c5f6974656d73223b643a313b733a33323a226337346439376230316561653235376534346161396435626164653937626166223b613a363a7b733a323a226964223b733a323a223136223b733a333a22717479223b643a313b733a353a227072696365223b643a32303030303b733a343a226e616d65223b733a31323a2253616e676765204472696e6b223b733a353a22726f776964223b733a33323a226337346439376230316561653235376534346161396435626164653937626166223b733a383a22737562746f74616c223b643a32303030303b7d7d5f5f4143544956455f53455353494f4e5f444154417c733a3235363a22356135323638616435303338656366613236626138383565653262303932313431656262383236353266623538343939373263636634326634633836396234653465613361366666613935343933653733656230623338363161353764646536653365613434356661303232316433356362343638316663303762656530636675366a5570786d4b7978494c304d704677614b754b6e346c6c4a736144676b4b77505a6b67453143586e6f6d2b66786663767472466c56556566714b2b5365632b776e4c69527041574d5749666658317a6d7258733672656163347549663078315745564735396d64744d4672724f30776a65646169734f79512b6e3453306e223b),
('h6400ufmreqch9rktue3n4cbm5beec56', '::1', 1656237740, 0x5f5f63695f6c6173745f726567656e65726174657c693a313635363233373734303b7265646972656374696f6e7c4e3b636172745f636f6e74656e74737c613a333a7b733a31303a22636172745f746f74616c223b643a32303030303b733a31313a22746f74616c5f6974656d73223b643a313b733a33323a226337346439376230316561653235376534346161396435626164653937626166223b613a363a7b733a323a226964223b733a323a223136223b733a333a22717479223b643a313b733a353a227072696365223b643a32303030303b733a343a226e616d65223b733a31323a2253616e676765204472696e6b223b733a353a22726f776964223b733a33323a226337346439376230316561653235376534346161396435626164653937626166223b733a383a22737562746f74616c223b643a32303030303b7d7d5f5f4143544956455f53455353494f4e5f444154417c733a3235363a22356135323638616435303338656366613236626138383565653262303932313431656262383236353266623538343939373263636634326634633836396234653465613361366666613935343933653733656230623338363161353764646536653365613434356661303232316433356362343638316663303762656530636675366a5570786d4b7978494c304d704677614b754b6e346c6c4a736144676b4b77505a6b67453143586e6f6d2b66786663767472466c56556566714b2b5365632b776e4c69527041574d5749666658317a6d7258733672656163347549663078315745564735396d64744d4672724f30776a65646169734f79512b6e3453306e223b),
('m1ffurpk6n98v2mdb1u75n1j5hhkbnig', '::1', 1656238153, 0x5f5f63695f6c6173745f726567656e65726174657c693a313635363233383135333b7265646972656374696f6e7c4e3b636172745f636f6e74656e74737c613a333a7b733a31303a22636172745f746f74616c223b643a32303030303b733a31313a22746f74616c5f6974656d73223b643a313b733a33323a226337346439376230316561653235376534346161396435626164653937626166223b613a363a7b733a323a226964223b733a323a223136223b733a333a22717479223b643a313b733a353a227072696365223b643a32303030303b733a343a226e616d65223b733a31323a2253616e676765204472696e6b223b733a353a22726f776964223b733a33323a226337346439376230316561653235376534346161396435626164653937626166223b733a383a22737562746f74616c223b643a32303030303b7d7d5f5f4143544956455f53455353494f4e5f444154417c733a3235363a22356135323638616435303338656366613236626138383565653262303932313431656262383236353266623538343939373263636634326634633836396234653465613361366666613935343933653733656230623338363161353764646536653365613434356661303232316433356362343638316663303762656530636675366a5570786d4b7978494c304d704677614b754b6e346c6c4a736144676b4b77505a6b67453143586e6f6d2b66786663767472466c56556566714b2b5365632b776e4c69527041574d5749666658317a6d7258733672656163347549663078315745564735396d64744d4672724f30776a65646169734f79512b6e3453306e223b),
('osshl8mntnccopqju70509c7r9qrum5k', '::1', 1656238479, 0x5f5f63695f6c6173745f726567656e65726174657c693a313635363233383437393b7265646972656374696f6e7c4e3b636172745f636f6e74656e74737c613a333a7b733a31303a22636172745f746f74616c223b643a32303030303b733a31313a22746f74616c5f6974656d73223b643a313b733a33323a226337346439376230316561653235376534346161396435626164653937626166223b613a363a7b733a323a226964223b733a323a223136223b733a333a22717479223b643a313b733a353a227072696365223b643a32303030303b733a343a226e616d65223b733a31323a2253616e676765204472696e6b223b733a353a22726f776964223b733a33323a226337346439376230316561653235376534346161396435626164653937626166223b733a383a22737562746f74616c223b643a32303030303b7d7d5f5f4143544956455f53455353494f4e5f444154417c733a3235363a226234363934666134333632313637323136376634613337616435376364396466363064373935373766653035646630366566323937363462343631653238646330313830316536633761653433396664356665336534613939316435393537643739363835396131383164323336316531323131303733353464383532363535742b746d67634149694e4a386779636568667067364e6855714967654f7470304268516b2f667638475377523871334b4636562f646d42564973566637552b516b66674c426363696b744653674274663631757a4d337750713066797576346a58722b3576683450594761596855397a7678784c5172484a5147537158695065223b),
('0phpr6fjb62v2ea1ntoijmq3a53fq878', '::1', 1656238803, 0x5f5f63695f6c6173745f726567656e65726174657c693a313635363233383830333b7265646972656374696f6e7c4e3b5f5f4143544956455f53455353494f4e5f444154417c733a3235363a2235393564313532346166643363353535343965643533636539633863653339373463613937336331633863613362323865343066636663303037356433396665396561373166333634636236326636343337613930303332633436623261636635383432336333323366363336613263346237303133386537346337346366373953587a6c3542746e79526f4576564a7a726342417974785a6971387974467238414f4961666e4579505a4f57337867747a78612b6c52673246766454724d48455150526d652b4473543057414b48576f3877455173765a78436231324873643074636941716f42485244662f476c6a45673979524a545830426d4947484373223b),
('r7ouqf7t6fl8i34h1g2ju1lj0m45f495', '::1', 1656239105, 0x5f5f63695f6c6173745f726567656e65726174657c693a313635363233393130353b7265646972656374696f6e7c4e3b5f5f4143544956455f53455353494f4e5f444154417c733a3235363a2235393564313532346166643363353535343965643533636539633863653339373463613937336331633863613362323865343066636663303037356433396665396561373166333634636236326636343337613930303332633436623261636635383432336333323366363336613263346237303133386537346337346366373953587a6c3542746e79526f4576564a7a726342417974785a6971387974467238414f4961666e4579505a4f57337867747a78612b6c52673246766454724d48455150526d652b4473543057414b48576f3877455173765a78436231324873643074636941716f42485244662f476c6a45673979524a545830426d4947484373223b),
('karan9u7e1b00v89in4in81jpr6s9l2e', '::1', 1656239458, 0x5f5f63695f6c6173745f726567656e65726174657c693a313635363233393435383b7265646972656374696f6e7c4e3b5f5f4143544956455f53455353494f4e5f444154417c733a3235363a2235393564313532346166643363353535343965643533636539633863653339373463613937336331633863613362323865343066636663303037356433396665396561373166333634636236326636343337613930303332633436623261636635383432336333323366363336613263346237303133386537346337346366373953587a6c3542746e79526f4576564a7a726342417974785a6971387974467238414f4961666e4579505a4f57337867747a78612b6c52673246766454724d48455150526d652b4473543057414b48576f3877455173765a78436231324873643074636941716f42485244662f476c6a45673979524a545830426d4947484373223b),
('d4ri7r2qsgjt48s3n60nl0a9349qtidf', '::1', 1656239845, 0x5f5f63695f6c6173745f726567656e65726174657c693a313635363233393834353b7265646972656374696f6e7c4e3b5f5f4143544956455f53455353494f4e5f444154417c733a3235363a2235393564313532346166643363353535343965643533636539633863653339373463613937336331633863613362323865343066636663303037356433396665396561373166333634636236326636343337613930303332633436623261636635383432336333323366363336613263346237303133386537346337346366373953587a6c3542746e79526f4576564a7a726342417974785a6971387974467238414f4961666e4579505a4f57337867747a78612b6c52673246766454724d48455150526d652b4473543057414b48576f3877455173765a78436231324873643074636941716f42485244662f476c6a45673979524a545830426d4947484373223b),
('3evg5hb9nafml5mgucgvu42fei7jlq9a', '::1', 1656240210, 0x5f5f63695f6c6173745f726567656e65726174657c693a313635363234303231303b7265646972656374696f6e7c4e3b5f5f4143544956455f53455353494f4e5f444154417c733a3235363a2235393564313532346166643363353535343965643533636539633863653339373463613937336331633863613362323865343066636663303037356433396665396561373166333634636236326636343337613930303332633436623261636635383432336333323366363336613263346237303133386537346337346366373953587a6c3542746e79526f4576564a7a726342417974785a6971387974467238414f4961666e4579505a4f57337867747a78612b6c52673246766454724d48455150526d652b4473543057414b48576f3877455173765a78436231324873643074636941716f42485244662f476c6a45673979524a545830426d4947484373223b),
('4lt2s312t74pdao7u5ahlr7clh24oqk2', '::1', 1656240527, 0x5f5f63695f6c6173745f726567656e65726174657c693a313635363234303532373b7265646972656374696f6e7c4e3b5f5f4143544956455f53455353494f4e5f444154417c733a3235363a2235393564313532346166643363353535343965643533636539633863653339373463613937336331633863613362323865343066636663303037356433396665396561373166333634636236326636343337613930303332633436623261636635383432336333323366363336613263346237303133386537346337346366373953587a6c3542746e79526f4576564a7a726342417974785a6971387974467238414f4961666e4579505a4f57337867747a78612b6c52673246766454724d48455150526d652b4473543057414b48576f3877455173765a78436231324873643074636941716f42485244662f476c6a45673979524a545830426d4947484373223b),
('ujsici95cvdkd5jg3its7a3n2ktnu0cb', '::1', 1656240837, 0x5f5f63695f6c6173745f726567656e65726174657c693a313635363234303833373b7265646972656374696f6e7c4e3b5f5f4143544956455f53455353494f4e5f444154417c733a3235363a2261323466393632373662326163613164643934363338653666313862393132636535613236396337363731393865333637303236376264656162306635376339656637613366613633663637333437366535306462613033393062623539656235643636653365623135353866366537376637363438346636316239353136322b43736f496170414d614e743161434b30454f484c64716f6d647a394b6e6b70426d2b4c4932687a437645397a2f2b54504a6e79477150524b613469796d676d3350714e445541767462612f6430566152445750305334314f47706b6e744c6f71656a4c415032332b4877774b427255766d4f65654369334b672f7a37595a4f223b),
('vvfug30cp3aph2s8a97toqna6u9u2t62', '::1', 1656241206, 0x5f5f63695f6c6173745f726567656e65726174657c693a313635363234313230363b7265646972656374696f6e7c4e3b),
('979t6rt80d5q873ifdv4eua1ob900hqi', '::1', 1656242925, 0x5f5f63695f6c6173745f726567656e65726174657c693a313635363234323932353b5f5f4143544956455f53455353494f4e5f444154417c733a3235363a223732343737306161326163313737356534623031313839663231346662373563653763623839373062656430393966613232323764356234323466323365646530373066383965343235666137643732383763636138346131326635393366376566653162653035323466313037363532333364313034336537386264643964634161556e494666366f49764d5235505462766d7652783157316341644863667938787157304c54573537574f7470574f34455233664666756b333975634861746f64496d757543577065513566426b67794362357247323355735a424d46334575744a424d616c6f7a4f707075647348324e4e69537a364c44413676313667223b),
('e193vdkpcaed3cs085jfsq4a988l8hno', '::1', 1656243110, 0x5f5f63695f6c6173745f726567656e65726174657c693a313635363234323932353b5f5f4143544956455f53455353494f4e5f444154417c733a3235363a223732343737306161326163313737356534623031313839663231346662373563653763623839373062656430393966613232323764356234323466323365646530373066383965343235666137643732383763636138346131326635393366376566653162653035323466313037363532333364313034336537386264643964634161556e494666366f49764d5235505462766d7652783157316341644863667938787157304c54573537574f7470574f34455233664666756b333975634861746f64496d757543577065513566426b67794362357247323355735a424d46334575744a424d616c6f7a4f707075647348324e4e69537a364c44413676313667223b);

-- --------------------------------------------------------

--
-- Struktur dari tabel `contacts`
--

CREATE TABLE `contacts` (
  `id` int(10) NOT NULL,
  `parent_id` int(10) DEFAULT NULL,
  `name` varchar(32) NOT NULL,
  `subject` varchar(128) DEFAULT NULL,
  `email` varchar(64) NOT NULL,
  `message` mediumtext NOT NULL,
  `contact_date` datetime DEFAULT NULL,
  `status` tinyint(1) DEFAULT 1,
  `reply_at` datetime DEFAULT NULL
) ENGINE=InnoDB DEFAULT CHARSET=utf8mb4;

--
-- Dumping data untuk tabel `contacts`
--

INSERT INTO `contacts` (`id`, `parent_id`, `name`, `subject`, `email`, `message`, `contact_date`, `status`, `reply_at`) VALUES
(3, NULL, 'Meyliza Veronica Siregar', 'Waktu Pengiriman', 'meylizasiregar65@gmail.com', 'Tolong dikirim pukul 14.00', '2022-06-11 00:24:35', 2, NULL);

-- --------------------------------------------------------

--
-- Struktur dari tabel `coupons`
--

CREATE TABLE `coupons` (
  `id` bigint(20) NOT NULL,
  `name` varchar(191) NOT NULL,
  `code` varchar(32) NOT NULL,
  `credit` decimal(8,2) NOT NULL,
  `start_date` date NOT NULL,
  `expired_date` date NOT NULL,
  `is_active` tinyint(4) DEFAULT 1
) ENGINE=InnoDB DEFAULT CHARSET=utf8mb4;

--
-- Dumping data untuk tabel `coupons`
--

INSERT INTO `coupons` (`id`, `name`, `code`, `credit`, `start_date`, `expired_date`, `is_active`) VALUES
(6, 'WELCOME JULI', 'J1U2LI', '5000.00', '2022-07-01', '2022-07-05', 1),
(7, 'Hemat Merdeka', 'DKM178', '10000.00', '2022-08-17', '2022-08-18', 1);

-- --------------------------------------------------------

--
-- Struktur dari tabel `customers`
--

CREATE TABLE `customers` (
  `id` bigint(20) NOT NULL,
  `user_id` bigint(20) UNSIGNED DEFAULT NULL,
  `name` varchar(191) NOT NULL,
  `phone_number` varchar(32) DEFAULT NULL,
  `address` varchar(191) NOT NULL,
  `profile_picture` varchar(191) DEFAULT NULL
) ENGINE=InnoDB DEFAULT CHARSET=utf8mb4;

--
-- Dumping data untuk tabel `customers`
--

INSERT INTO `customers` (`id`, `user_id`, `name`, `phone_number`, `address`, `profile_picture`) VALUES
(8, 9, 'Meyliza Veronica Siregar', '081376815681', 'Jl. Haranggaol No. 14 Parapat', 'female.png'),
(9, 10, 'Irvandi Prasena Hutapea', '081335767891', 'Jl. Kol. TPR. Sinaga No.20 Parapat', 'avatarp.png'),
(11, 12, 'Riris Lasmarito Malau', '083344678912', 'Jl. Bukit Barisan No.10 Parapat', '3667006.png'),
(12, 13, 'John Ryan Siallagan', '082356879077', 'Jl. Talun Sungkit No.9 Parapat', 'avatarp2.jpg'),
(13, 14, 'Maristella Sitanggang', '082277148751', 'Jl. Bukit Barisan No.4 Parapat', 'femavatar1.png');

-- --------------------------------------------------------

--
-- Struktur dari tabel `orders`
--

CREATE TABLE `orders` (
  `id` bigint(20) NOT NULL,
  `user_id` bigint(20) UNSIGNED DEFAULT NULL,
  `coupon_id` bigint(20) DEFAULT NULL,
  `order_number` varchar(16) NOT NULL,
  `order_status` enum('1','2','3','4','5') DEFAULT '1',
  `order_date` datetime NOT NULL,
  `total_price` decimal(8,2) DEFAULT NULL,
  `total_items` int(10) DEFAULT NULL,
  `payment_method` int(11) DEFAULT 1,
  `delivery_data` text DEFAULT NULL,
  `delivered_date` datetime DEFAULT NULL,
  `finish_date` datetime DEFAULT NULL
) ENGINE=InnoDB DEFAULT CHARSET=utf8mb4;

--
-- Dumping data untuk tabel `orders`
--

INSERT INTO `orders` (`id`, `user_id`, `coupon_id`, `order_number`, `order_status`, `order_date`, `total_price`, `total_items`, `payment_method`, `delivery_data`, `delivered_date`, `finish_date`) VALUES
(28, 9, NULL, 'BZW2352239632', '4', '2022-05-23 16:44:21', '50000.00', 3, 1, '{\"customer\":{\"name\":\"Meyliza Veronica Siregar\",\"phone_number\":\"081376815681\",\"address\":\"Jl. Haranggaol No. 14 Parapat\"},\"note\":\"\"}', NULL, NULL),
(30, 10, NULL, 'CJH23522210791', '3', '2022-05-23 17:06:24', '34000.00', 2, 2, '{\"customer\":{\"name\":\"Irvandi Prasena Hutapea\",\"phone_number\":\"081335767891\",\"address\":\"Jl. Kol. TPR. Sinaga No.20 Parapat\"},\"note\":\"\"}', NULL, NULL),
(31, 12, NULL, 'VBD23522312297', '4', '2022-05-23 17:07:14', '42000.00', 3, 1, '{\"customer\":{\"name\":\"Riris Lasmarito Malau\",\"phone_number\":\"083344678912\",\"address\":\"Jl. Bukit Barisan No.10 Parapat\"},\"note\":\"\"}', NULL, NULL),
(32, 14, NULL, 'XPC25522214248', '4', '2022-05-25 17:11:36', '45000.00', 2, 1, '{\"customer\":{\"name\":\"Maristella Sitanggang\",\"phone_number\":\"082277148751\",\"address\":\"Jl. Bukit Barisan No.4 Parapat\"},\"note\":\"\"}', NULL, NULL),
(33, 13, NULL, 'XAE10622413832', '4', '2022-06-10 17:18:05', '60000.00', 4, 1, '{\"customer\":{\"name\":\"John Ryan Siallagan\",\"phone_number\":\"082356879077\",\"address\":\"Jl. Talun Sungkit No.9 Parapat\"},\"note\":\"\"}', NULL, NULL),
(36, 9, NULL, 'TRK2362229627', '4', '2022-06-23 17:42:37', '55000.00', 2, 1, '{\"customer\":{\"name\":\"Meyliza Veronica Siregar\",\"phone_number\":\"081376815681\",\"address\":\"Jl. Haranggaol No. 14 Parapat\"},\"note\":\"\"}', NULL, NULL),
(37, 10, NULL, 'RSL19622710536', '4', '2022-06-19 17:49:16', '183000.00', 7, 1, '{\"customer\":{\"name\":\"Irvandi Prasena Hutapea\",\"phone_number\":\"081335767891\",\"address\":\"Jl. Kol. TPR. Sinaga No.20 Parapat\"},\"note\":\"\"}', NULL, NULL),
(38, 12, NULL, 'WTP20622112594', '3', '2022-06-20 17:58:51', '33000.00', 1, 2, '{\"customer\":{\"name\":\"Riris Lasmarito Malau\",\"phone_number\":\"083344678912\",\"address\":\"Jl. Bukit Barisan No.10 Parapat\"},\"note\":\"\"}', NULL, NULL),
(39, 14, NULL, 'HDO22622214316', '3', '2022-06-22 18:01:39', '38000.00', 2, 2, '{\"customer\":{\"name\":\"Maristella Sitanggang\",\"phone_number\":\"082277148751\",\"address\":\"Jl. Bukit Barisan No.4 Parapat\"},\"note\":\"\"}', NULL, NULL),
(40, 9, NULL, 'ECN2262229341', '3', '2022-06-22 18:02:30', '40000.00', 2, 2, '{\"customer\":{\"name\":\"Meyliza Veronica Siregar\",\"phone_number\":\"081376815681\",\"address\":\"Jl. Haranggaol No. 14 Parapat\"},\"note\":\"\"}', NULL, NULL),
(41, 9, NULL, 'FCQ2662219709', '1', '2022-06-26 17:18:57', '50000.00', 1, 1, '{\"customer\":{\"name\":\"Meyliza Veronica Siregar\",\"phone_number\":\"081376815681\",\"address\":\"Jl. Haranggaol No. 14 Parapat\"},\"note\":\"\"}', NULL, NULL);

-- --------------------------------------------------------

--
-- Struktur dari tabel `order_items`
--

CREATE TABLE `order_items` (
  `id` bigint(20) NOT NULL,
  `order_id` bigint(20) DEFAULT NULL,
  `product_id` bigint(20) DEFAULT NULL,
  `order_qty` int(10) NOT NULL,
  `order_price` decimal(8,2) DEFAULT NULL
) ENGINE=InnoDB DEFAULT CHARSET=utf8mb4;

--
-- Dumping data untuk tabel `order_items`
--

INSERT INTO `order_items` (`id`, `order_id`, `product_id`, `order_qty`, `order_price`) VALUES
(46, 28, 88, 1, '15000.00'),
(47, 28, 50, 1, '20000.00'),
(48, 28, 47, 1, '15000.00'),
(53, 30, 15, 1, '8000.00'),
(54, 30, 19, 1, '18000.00'),
(55, 31, 56, 1, '15000.00'),
(56, 31, 57, 1, '18000.00'),
(57, 31, 61, 1, '9000.00'),
(58, 32, 67, 1, '15000.00'),
(59, 32, 66, 1, '30000.00'),
(60, 33, 84, 1, '10000.00'),
(61, 33, 88, 1, '15000.00'),
(62, 33, 87, 1, '20000.00'),
(63, 33, 82, 1, '15000.00'),
(66, 36, 64, 1, '25000.00'),
(67, 36, 65, 1, '30000.00'),
(68, 37, 54, 1, '50000.00'),
(69, 37, 70, 1, '25000.00'),
(70, 37, 72, 1, '30000.00'),
(71, 37, 68, 1, '15000.00'),
(72, 37, 87, 1, '20000.00'),
(73, 37, 69, 1, '25000.00'),
(74, 37, 57, 1, '18000.00'),
(75, 38, 71, 1, '25000.00'),
(76, 39, 60, 1, '8000.00'),
(77, 39, 63, 1, '30000.00'),
(78, 40, 73, 1, '30000.00'),
(79, 40, 83, 1, '10000.00'),
(80, 41, 16, 2, '20000.00');

-- --------------------------------------------------------

--
-- Struktur dari tabel `payments`
--

CREATE TABLE `payments` (
  `id` bigint(20) NOT NULL,
  `order_id` bigint(20) DEFAULT NULL,
  `payment_price` decimal(8,2) DEFAULT NULL,
  `payment_date` datetime NOT NULL,
  `picture_name` varchar(191) DEFAULT NULL,
  `payment_status` enum('1','2','3') DEFAULT '1',
  `confirmed_date` datetime DEFAULT NULL,
  `payment_data` text DEFAULT NULL
) ENGINE=InnoDB DEFAULT CHARSET=utf8mb4;

--
-- Dumping data untuk tabel `payments`
--

INSERT INTO `payments` (`id`, `order_id`, `payment_price`, `payment_date`, `picture_name`, `payment_status`, `confirmed_date`, `payment_data`) VALUES
(16, 28, '50000.00', '2022-05-23 16:50:18', 'transfer1.jpg', '2', NULL, '{\"transfer_to\":\"bank-sumut\",\"source\":{\"bank\":\"Mandiri\",\"name\":\"Meyliza Veronica Siregar\",\"number\":\"123456789\"}}'),
(17, 31, '42000.00', '2022-05-23 17:08:22', 'transfer.jpg', '2', NULL, '{\"transfer_to\":\"bank-sumut\",\"source\":{\"bank\":\"Mandiri\",\"name\":\"Riris Lasmarito Malau\",\"number\":\"987654321\"}}'),
(18, 32, '45000.00', '2022-05-25 17:13:22', 'download_(2).jpg', '2', NULL, '{\"transfer_to\":\"bank-sumut\",\"source\":{\"bank\":\"Mandiri\",\"name\":\"Maristella Sitanggang\",\"number\":\"879654320\"}}'),
(19, 33, '60000.00', '2022-06-10 17:18:52', 'download.jpg', '2', NULL, '{\"transfer_to\":\"bank-sumut\",\"source\":{\"bank\":\"Mandiri\",\"name\":\"John Ryan Siallagan\",\"number\":\"098765443\"}}'),
(20, 36, '55000.00', '2022-06-23 17:43:52', 'download_(2)1.jpg', '2', NULL, '{\"transfer_to\":\"bank-sumut\",\"source\":{\"bank\":\"Mandiri\",\"name\":\"Meyliza Veronica Siregar\",\"number\":\"123456789\"}}'),
(21, 37, '183000.00', '2022-06-19 17:51:36', 'transfer2.jpg', '2', NULL, '{\"transfer_to\":\"bank-sumut\",\"source\":{\"bank\":\"BRI\",\"name\":\"Irvandi Prasena Hutapea\",\"number\":\"12345678\"}}');

-- --------------------------------------------------------

--
-- Struktur dari tabel `products`
--

CREATE TABLE `products` (
  `id` bigint(20) NOT NULL,
  `category_id` int(10) DEFAULT NULL,
  `code` varchar(32) DEFAULT NULL,
  `name` varchar(191) NOT NULL,
  `description` varchar(191) DEFAULT NULL,
  `picture_name` varchar(191) DEFAULT NULL,
  `price` decimal(8,2) NOT NULL,
  `current_discount` decimal(8,2) DEFAULT 0.00,
  `is_available` tinyint(1) DEFAULT 1,
  `add_date` datetime DEFAULT NULL
) ENGINE=InnoDB DEFAULT CHARSET=utf8mb4;

--
-- Dumping data untuk tabel `products`
--

INSERT INTO `products` (`id`, `category_id`, `code`, `name`, `description`, `picture_name`, `price`, `current_discount`, `is_available`, `add_date`) VALUES
(15, 12, 'KHMP850648', 'Kopi Hitam', NULL, 'kopihitam.jpg', '8000.00', '0.00', 1, '2022-06-09 11:57:28'),
(16, 12, 'SDMP250909', 'Sangge Drink', NULL, 'Sangge_Drink.jpeg', '20000.00', '0.00', 1, '2022-06-09 12:01:49'),
(19, 14, 'J2RAJ120465', 'Jus 2 Rasa', NULL, 'jus2r.jpg', '18000.00', '0.00', 1, '2022-06-09 12:11:05'),
(28, 12, 'KSMP115924', 'Kopi Susu', NULL, 'Kopi_Susu.jpeg', '10000.00', '0.00', 1, '2022-06-09 12:35:24'),
(40, 14, 'JJAJ130699', 'Jus Jeruk', NULL, 'jussjeruk.jpg', '15000.00', '0.00', 1, '2022-06-10 12:24:57'),
(46, 14, 'JPAJ250997', 'Jus Pelangi', NULL, 'Jus_Pelangi.jpeg', '20000.00', '0.00', 1, '2022-06-10 12:29:57'),
(47, 13, 'MDMD150030', 'Milo Dingin', NULL, 'milodingin.jpg', '15000.00', '0.00', 1, '2022-06-10 12:30:30'),
(50, 9, 'BUC2100563', 'Bakwan Udang', NULL, 'Bakwan_Udang.jpeg', '20000.00', '0.00', 1, '2022-06-20 23:46:03'),
(51, 9, 'PCKC250607', 'Pisang Cokelat Keju', NULL, 'Pisang_Cokelat_Keju.jpeg', '20000.00', '0.00', 1, '2022-06-20 23:46:47'),
(52, 9, 'KGC250635', 'Kentang Goreng', NULL, 'Kentang_Goreng.jpeg', '20000.00', '0.00', 1, '2022-06-20 23:47:15'),
(53, 9, 'NC250659', 'Nugget', NULL, 'Nugget.jpeg', '20000.00', '0.00', 1, '2022-06-20 23:47:39'),
(54, 8, 'LSTMS550722', 'Lobster Saus Tiram', NULL, 'Lobster_Saus_Tiram.jpeg', '50000.00', '0.00', 1, '2022-06-20 23:48:42'),
(55, 2, 'MKGM150758', 'Mie Kuning Goreng', NULL, 'Mie_Kuning_Goreng.jpeg', '18000.00', '0.00', 1, '2022-06-20 23:49:18'),
(56, 2, 'IKM1100797', 'Indomie Kuah', NULL, 'Indomie_Kuah.jpeg', '15000.00', '0.00', 1, '2022-06-20 23:49:57'),
(57, 2, 'IGM1100825', 'Indomie Goreng', NULL, 'Indomie_Goreng1.jpeg', '18000.00', '0.00', 1, '2022-06-20 23:50:25'),
(58, 2, 'INM150865', 'Ifumie Nyemek', NULL, 'Ifumie_Nyemek.jpeg', '18000.00', '0.00', 1, '2022-06-20 23:51:05'),
(60, 2, 'PMM8300650', 'Pop Mie', NULL, 'popmie1.jpg', '8000.00', '0.00', 1, '2022-06-21 00:20:50'),
(61, 1, 'NPN9200064', 'Nasi Putih', NULL, 'Nasi_Putih.jpeg', '9000.00', '0.00', 1, '2022-06-21 00:27:44'),
(62, 1, 'NGKN1100100', 'Nasi Goreng Kampung', NULL, 'Nasi_Goreng_Kampung.jpeg', '18000.00', '0.00', 1, '2022-06-21 00:28:20'),
(63, 1, 'NGSN3100141', 'Nasi Goreng Spesial', NULL, 'Nasi_Goreng_Spesial.jpeg', '30000.00', '0.00', 1, '2022-06-21 00:29:01'),
(64, 1, 'NGSN250183', 'Nasi Goreng Seafood', NULL, 'Nasi_Goreng_Seafood.jpeg', '25000.00', '0.00', 1, '2022-06-21 00:29:42'),
(65, 1, 'NACN350217', 'Nasi Ayam Crispy', NULL, 'Nasi_Ayam_Crispy.jpeg', '30000.00', '0.00', 1, '2022-06-21 00:30:17'),
(66, 1, 'NASPN350256', 'Nasi Ayam Sambal Pecak', NULL, 'Nasi_Ayam_Sambal_Pecak.jpeg', '30000.00', '0.00', 1, '2022-06-21 00:30:56'),
(67, 5, 'CKS160293', 'Cah Kangkung', NULL, 'Cah_Kangkung.jpeg', '15000.00', '0.00', 1, '2022-06-21 00:31:33'),
(68, 5, 'TIAS150322', 'Toge Ikan Asin', NULL, 'Toge_Ikan_Asin.jpeg', '15000.00', '0.00', 1, '2022-06-21 00:32:02'),
(69, 5, 'CSS250350', 'Capcay Seafood', NULL, 'Capcay_Seafood.jpeg', '25000.00', '0.00', 1, '2022-06-21 00:32:30'),
(70, 3, 'CBS260388', 'Cumi Bakar', NULL, 'Cumi_Bakar.jpeg', '25000.00', '0.00', 1, '2022-06-21 00:33:08'),
(71, 3, 'UCS260417', 'Udang Crispy', NULL, 'Udang_Crispy.jpeg', '25000.00', '0.00', 1, '2022-06-21 00:33:37'),
(72, 6, 'SAS360459', 'Soto Ayam', NULL, 'Soto_Ayam.jpeg', '30000.00', '0.00', 1, '2022-06-21 00:34:19'),
(73, 10, 'SBW350515', 'Spaghetti Bolognese', NULL, 'Spaghetti_Bolognese.jpeg', '30000.00', '0.00', 1, '2022-06-21 00:35:15'),
(74, 9, 'TBRC5200769', 'Telur Bebek Rebus', NULL, 'Telur_Bebek_Rebus.jpeg', '5000.00', '0.00', 1, '2022-06-21 00:39:29'),
(75, 4, 'NBOI260904', 'Nila Bakar Ons', NULL, 'Nila_Bakar_Ons.jpeg', '20000.00', '5000.00', 1, '2022-06-21 00:41:44'),
(81, 12, 'TMMP5739', 'Teh Manis', NULL, 'tehmanis.jpg', '5000.00', '0.00', 1, '2022-06-23 11:48:59'),
(82, 14, 'JGAJ1817', 'Jus Guava', NULL, 'jusguava.jpg', '15000.00', '0.00', 1, '2022-06-23 11:50:17'),
(83, 12, 'MMP1883', 'Milo', NULL, 'milo.jpg', '10000.00', '0.00', 1, '2022-06-23 11:51:23'),
(84, 11, 'BMK1958', 'Badak', NULL, 'badak.JPG', '10000.00', '0.00', 1, '2022-06-23 11:52:38'),
(86, 9, 'PGC1018', 'Pisang Goreng', NULL, 'Pisang_Goreng.jpg', '15000.00', '0.00', 1, '2022-06-23 12:10:18'),
(87, 5, 'CBS2126', 'Capcay Biasa', NULL, 'capcaybiasa.jpg', '20000.00', '0.00', 1, '2022-06-23 12:12:06'),
(88, 4, 'NTOI1270', 'Nila Tauco Ons', NULL, 'Nila_Tauco_Ons.jpeg', '20000.00', '5000.00', 1, '2022-06-23 12:14:30'),
(90, 4, 'NTOI1404', 'Nila Terbang Ons', NULL, 'Nila_Terbang_Ons.jpeg', '18000.00', '3000.00', 1, '2022-06-23 12:16:44');

-- --------------------------------------------------------

--
-- Struktur dari tabel `product_category`
--

CREATE TABLE `product_category` (
  `id` int(10) NOT NULL,
  `name` varchar(191) NOT NULL
) ENGINE=InnoDB DEFAULT CHARSET=utf8mb4;

--
-- Dumping data untuk tabel `product_category`
--

INSERT INTO `product_category` (`id`, `name`) VALUES
(1, 'Nasi'),
(2, 'Mie'),
(3, 'Seafood'),
(4, 'Ikan'),
(5, 'Sayur'),
(6, 'Sop'),
(7, 'Tomyam'),
(8, 'Menu Spesial'),
(9, 'Cemilan'),
(10, 'Western'),
(11, 'Minuman Kemasan'),
(12, 'Minuman Panas'),
(13, 'Minuman Dingin'),
(14, 'Aneka Jus');

-- --------------------------------------------------------

--
-- Struktur dari tabel `reviews`
--

CREATE TABLE `reviews` (
  `id` bigint(20) NOT NULL,
  `user_id` bigint(20) UNSIGNED DEFAULT NULL,
  `order_id` bigint(20) DEFAULT NULL,
  `review_text` mediumtext NOT NULL,
  `review_date` datetime NOT NULL,
  `status` tinyint(1) NOT NULL DEFAULT 1
) ENGINE=InnoDB DEFAULT CHARSET=utf8mb4;

--
-- Dumping data untuk tabel `reviews`
--

INSERT INTO `reviews` (`id`, `user_id`, `order_id`, `review_text`, `review_date`, `status`) VALUES
(4, 10, 17, 'Makanannya Enak dan Prosesnya cepat', '2022-06-10 17:24:12', 1),
(9, 10, 30, 'Pengiriman Cepat dan Makanan Enak', '2022-05-23 18:13:53', 1),
(10, 9, 28, 'Makanannya Enak\r\n', '2022-05-24 18:14:53', 1),
(11, 13, 33, 'Admin merespon baik dan Pengiriman Cepat', '2022-06-10 18:15:51', 1),
(12, 12, 38, 'Makanan Enak', '2022-06-20 18:16:40', 1),
(13, 14, 39, 'Responnya Cepat', '2022-06-22 18:17:21', 1);

-- --------------------------------------------------------

--
-- Struktur dari tabel `settings`
--

CREATE TABLE `settings` (
  `id` int(10) NOT NULL,
  `key` varchar(32) NOT NULL,
  `content` text NOT NULL
) ENGINE=InnoDB DEFAULT CHARSET=utf8mb4;

--
-- Dumping data untuk tabel `settings`
--

INSERT INTO `settings` (`id`, `key`, `content`) VALUES
(1, 'current_theme_name', 'caferesto'),
(2, 'store_name', 'Putra Kembar Coffee Shop & Resto'),
(3, 'store_phone_number', '082163391447'),
(4, 'store_email', 'putrakembarcoffeeshop@gmail.com'),
(5, 'store_tagline', 'Restoran & Coffee Shop di Pinggiran Danau Toba'),
(6, 'store_logo', 'LogPK.png'),
(7, 'max_product_image_size', '20000'),
(8, 'store_description', 'Restoran dan Coffee Shop ini menyediakan menu makanan nasional dan disuguhkan indahnya pemandangan Danau Toba yang dapat menghilangkan penat.'),
(9, 'store_address', 'Panatapan PARAPAT, Jl. Lintas Sumatera, Sibaganding, Pahae Julu, Kabupaten Tapanuli Utara, Sumatera Utara 22463'),
(10, 'min_shop_to_free_shipping_cost', '100000'),
(11, 'shipping_cost', '10000'),
(12, 'payment_banks', '{\"bank-sumut\":{\"bank\":\"Bank SUMUT\",\"number\":\"22302040002578\",\"name\":\"Herlina Butar butar\"},\"\":{\"bank\":\"\",\"number\":\"\",\"name\":\"\"}}');

-- --------------------------------------------------------

--
-- Struktur dari tabel `users`
--

CREATE TABLE `users` (
  `id` bigint(20) UNSIGNED NOT NULL,
  `name` varchar(50) COLLATE utf8mb4_unicode_ci DEFAULT NULL,
  `email` varchar(191) COLLATE utf8mb4_unicode_ci NOT NULL,
  `email_verified_at` timestamp NULL DEFAULT NULL,
  `username` varchar(16) COLLATE utf8mb4_unicode_ci NOT NULL,
  `password` varchar(191) COLLATE utf8mb4_unicode_ci NOT NULL,
  `profile_picture` varchar(128) COLLATE utf8mb4_unicode_ci DEFAULT NULL,
  `role` varchar(32) COLLATE utf8mb4_unicode_ci DEFAULT '0' COMMENT '1 = admin, 2 = customer',
  `register_date` datetime DEFAULT NULL
) ENGINE=InnoDB DEFAULT CHARSET=utf8mb4 COLLATE=utf8mb4_unicode_ci;

--
-- Dumping data untuk tabel `users`
--

INSERT INTO `users` (`id`, `name`, `email`, `email_verified_at`, `username`, `password`, `profile_picture`, `role`, `register_date`) VALUES
(1, 'Admin', 'admin@gmail.com', NULL, 'admin', '$2y$10$PL4rm/FgHmGSFovSIAlH1OdmCRQCEhs3vA27ZgspSBIbKnzt0ksV6', 'admin.png', 'admin', NULL),
(9, NULL, 'meylizasiregar65@gmail.com', NULL, 'meyliza', '$2y$10$9wIUv99DwUAa4SGdEXUt0e6ZfT55GXoCJMt2h8pNaaSrPlO0HDsrW', NULL, 'customer', '2022-05-25 11:32:53'),
(10, NULL, 'irvandi@gmail.com', NULL, 'irvandi', '$2y$10$dXXPhSPh7gj.CKNRthD1KeN5wsIrqZN1DnNcmil9bJEH2dB8Sz8Xu', NULL, 'customer', '2022-06-10 14:58:24'),
(12, NULL, 'riris@gmail.com', NULL, 'riris', '$2y$10$WGJg41Amfj7PqHEyWHnr9.1GxxZ6GOym.UicWg3Jhf8IUvJQi.dqq', NULL, 'customer', '2022-06-10 23:39:03'),
(13, NULL, 'john@gmail.com', NULL, 'john32', '$2y$10$WTsQZA0lJTUwljNCTGf6TuyiPAhHdJbN0PAPs4Yys.sk5VxibcSeu', NULL, 'customer', '2022-06-10 23:40:56'),
(14, NULL, 'maristella@gmail.com', NULL, 'maristella', '$2y$10$H/SWrtZnC5.NszzjTxkVMuzRc5HjhmrDJdkLShEf7aP3hEUIFzu52', 'femavatar1.png', 'customer', '2022-06-20 22:50:59');

--
-- Indexes for dumped tables
--

--
-- Indeks untuk tabel `ci_sessions`
--
ALTER TABLE `ci_sessions`
  ADD KEY `ci_sessions_timestamp` (`timestamp`);

--
-- Indeks untuk tabel `contacts`
--
ALTER TABLE `contacts`
  ADD PRIMARY KEY (`id`),
  ADD KEY `FK_contacts_contacts` (`parent_id`);

--
-- Indeks untuk tabel `coupons`
--
ALTER TABLE `coupons`
  ADD PRIMARY KEY (`id`);

--
-- Indeks untuk tabel `customers`
--
ALTER TABLE `customers`
  ADD PRIMARY KEY (`id`),
  ADD KEY `FK_customers_users` (`user_id`);

--
-- Indeks untuk tabel `orders`
--
ALTER TABLE `orders`
  ADD PRIMARY KEY (`id`),
  ADD KEY `FK_orders_users` (`user_id`),
  ADD KEY `FK_orders_coupons` (`coupon_id`);

--
-- Indeks untuk tabel `order_items`
--
ALTER TABLE `order_items`
  ADD PRIMARY KEY (`id`),
  ADD KEY `order_id` (`order_id`),
  ADD KEY `product_id` (`product_id`);

--
-- Indeks untuk tabel `payments`
--
ALTER TABLE `payments`
  ADD PRIMARY KEY (`id`),
  ADD KEY `order_id` (`order_id`);

--
-- Indeks untuk tabel `products`
--
ALTER TABLE `products`
  ADD PRIMARY KEY (`id`),
  ADD KEY `FK_products_product_category` (`category_id`);

--
-- Indeks untuk tabel `product_category`
--
ALTER TABLE `product_category`
  ADD PRIMARY KEY (`id`);

--
-- Indeks untuk tabel `reviews`
--
ALTER TABLE `reviews`
  ADD PRIMARY KEY (`id`),
  ADD KEY `FK_reviews_users` (`user_id`),
  ADD KEY `FK_reviews_orders` (`order_id`);

--
-- Indeks untuk tabel `settings`
--
ALTER TABLE `settings`
  ADD PRIMARY KEY (`id`) USING BTREE;

--
-- Indeks untuk tabel `users`
--
ALTER TABLE `users`
  ADD PRIMARY KEY (`id`) USING BTREE,
  ADD UNIQUE KEY `users_email_unique` (`email`) USING BTREE;

--
-- AUTO_INCREMENT untuk tabel yang dibuang
--

--
-- AUTO_INCREMENT untuk tabel `contacts`
--
ALTER TABLE `contacts`
  MODIFY `id` int(10) NOT NULL AUTO_INCREMENT, AUTO_INCREMENT=6;

--
-- AUTO_INCREMENT untuk tabel `coupons`
--
ALTER TABLE `coupons`
  MODIFY `id` bigint(20) NOT NULL AUTO_INCREMENT, AUTO_INCREMENT=8;

--
-- AUTO_INCREMENT untuk tabel `customers`
--
ALTER TABLE `customers`
  MODIFY `id` bigint(20) NOT NULL AUTO_INCREMENT, AUTO_INCREMENT=14;

--
-- AUTO_INCREMENT untuk tabel `orders`
--
ALTER TABLE `orders`
  MODIFY `id` bigint(20) NOT NULL AUTO_INCREMENT, AUTO_INCREMENT=42;

--
-- AUTO_INCREMENT untuk tabel `order_items`
--
ALTER TABLE `order_items`
  MODIFY `id` bigint(20) NOT NULL AUTO_INCREMENT, AUTO_INCREMENT=81;

--
-- AUTO_INCREMENT untuk tabel `payments`
--
ALTER TABLE `payments`
  MODIFY `id` bigint(20) NOT NULL AUTO_INCREMENT, AUTO_INCREMENT=22;

--
-- AUTO_INCREMENT untuk tabel `products`
--
ALTER TABLE `products`
  MODIFY `id` bigint(20) NOT NULL AUTO_INCREMENT, AUTO_INCREMENT=93;

--
-- AUTO_INCREMENT untuk tabel `product_category`
--
ALTER TABLE `product_category`
  MODIFY `id` int(10) NOT NULL AUTO_INCREMENT, AUTO_INCREMENT=21;

--
-- AUTO_INCREMENT untuk tabel `reviews`
--
ALTER TABLE `reviews`
  MODIFY `id` bigint(20) NOT NULL AUTO_INCREMENT, AUTO_INCREMENT=14;

--
-- AUTO_INCREMENT untuk tabel `settings`
--
ALTER TABLE `settings`
  MODIFY `id` int(10) NOT NULL AUTO_INCREMENT, AUTO_INCREMENT=13;

--
-- AUTO_INCREMENT untuk tabel `users`
--
ALTER TABLE `users`
  MODIFY `id` bigint(20) UNSIGNED NOT NULL AUTO_INCREMENT, AUTO_INCREMENT=15;

--
-- Ketidakleluasaan untuk tabel pelimpahan (Dumped Tables)
--

--
-- Ketidakleluasaan untuk tabel `contacts`
--
ALTER TABLE `contacts`
  ADD CONSTRAINT `FK_contacts_contacts` FOREIGN KEY (`parent_id`) REFERENCES `contacts` (`id`) ON DELETE CASCADE ON UPDATE NO ACTION;

--
-- Ketidakleluasaan untuk tabel `customers`
--
ALTER TABLE `customers`
  ADD CONSTRAINT `FK_customers_users` FOREIGN KEY (`user_id`) REFERENCES `users` (`id`) ON DELETE NO ACTION ON UPDATE CASCADE;

--
-- Ketidakleluasaan untuk tabel `orders`
--
ALTER TABLE `orders`
  ADD CONSTRAINT `FK_orders_coupons` FOREIGN KEY (`coupon_id`) REFERENCES `coupons` (`id`) ON DELETE SET NULL ON UPDATE CASCADE,
  ADD CONSTRAINT `FK_orders_users` FOREIGN KEY (`user_id`) REFERENCES `users` (`id`) ON DELETE NO ACTION ON UPDATE CASCADE;

--
-- Ketidakleluasaan untuk tabel `order_items`
--
ALTER TABLE `order_items`
  ADD CONSTRAINT `order_items_ibfk_1` FOREIGN KEY (`order_id`) REFERENCES `orders` (`id`) ON DELETE CASCADE ON UPDATE NO ACTION,
  ADD CONSTRAINT `order_items_ibfk_2` FOREIGN KEY (`product_id`) REFERENCES `products` (`id`) ON DELETE CASCADE ON UPDATE NO ACTION;

--
-- Ketidakleluasaan untuk tabel `products`
--
ALTER TABLE `products`
  ADD CONSTRAINT `products_ibfk_1` FOREIGN KEY (`category_id`) REFERENCES `product_category` (`id`) ON DELETE CASCADE ON UPDATE CASCADE;
COMMIT;

/*!40101 SET CHARACTER_SET_CLIENT=@OLD_CHARACTER_SET_CLIENT */;
/*!40101 SET CHARACTER_SET_RESULTS=@OLD_CHARACTER_SET_RESULTS */;
/*!40101 SET COLLATION_CONNECTION=@OLD_COLLATION_CONNECTION */;
